UserRegion, UserAS, UserSubnet, UserIP, UserGP
United_States::AS7018::AS7018_12.0.0.0/8::12.108.127.138::38.0_-97.0
United_States::AS7018::AS7018_12.0.0.0/8::12.46.129.15::38.0464_-122.23
Japan::AS4713::AS4713_122.0.0.0/8::122.1.115.91::35.685_139.7514
United_States::AS17::AS17_128.10.0.0/16::128.10.19.52::40.4249_-86.9162
United_States::AS17::AS17_128.10.0.0/16::128.10.19.53::40.4249_-86.9162
United_States::AS131::AS131_128.111.0.0/16::128.111.52.61::34.4329_-119.8371
United_States::AS131::AS131_128.111.0.0/16::128.111.52.63::34.4329_-119.8371
United_States::AS131::AS131_128.111.0.0/16::128.111.52.64::34.4329_-119.8371
United_States::AS88::AS88_128.112.0.0/16::128.112.139.2::40.3756_-74.6597
United_States::AS88::AS88_128.112.0.0/16::128.112.139.80::40.3756_-74.6597
United_States::AS5739::AS5739_128.114.0.0/16::128.114.63.16::36.9899_-122.0603
United_States::AS5739::AS5739_128.114.0.0/16::128.114.63.63::36.9899_-122.0603
United_States::AS5739::AS5739_128.114.0.0/16::128.114.63.64::36.9899_-122.0603
United_States::AS1249::AS1249_128.119.0.0/16::128.119.41.210::42.3804_-72.5231
United_States::AS1249::AS1249_128.119.0.0/16::128.119.41.211::42.3804_-72.5231
United_States::AS160::AS160_128.135.0.0/16::128.135.11.149::41.7804_-87.6027
United_States::AS160::AS160_128.135.0.0/16::128.135.11.152::41.7804_-87.6027
United_States::AS6510::AS6510_128.187.0.0/16::128.187.223.211::40.3563_-111.7325
United_States::AS6510::AS6510_128.187.0.0/16::128.187.223.212::40.3563_-111.7325
United_States::AS4201::AS4201_128.193.0.0/16::128.193.33.7::44.5642_-123.279
United_States::AS9::AS9_128.2.0.0/16::128.2.211.114::40.4439_-79.9561
United_States::AS73::AS73_128.208.0.0/16::128.208.4.197::47.6606_-122.2919
United_States::AS73::AS73_128.208.0.0/16::128.208.4.198::47.6606_-122.2919
United_States::AS73::AS73_128.208.0.0/16::128.208.4.199::47.6606_-122.2919
United_States::AS73::AS73_128.208.0.0/16::128.208.4.99::47.6606_-122.2919
United_States::AS5723::AS5723_128.220.0.0/16::128.220.247.28::39.3288_-76.5967
United_States::AS5723::AS5723_128.220.0.0/16::128.220.247.29::39.3288_-76.5967
United_States::AS6356::AS6356_128.227.0.0/16::128.227.56.81::29.6516_-82.3248
United_States::AS6356::AS6356_128.227.0.0/16::128.227.56.82::29.6516_-82.3248
United_Kingdom::AS786::AS786_128.232.0.0/16::128.232.103.203::52.2_0.1167
Canada::AS22950::AS22950_128.233.0.0/16::128.233.252.11::52.1193_-106.6594
Canada::AS22950::AS22950_128.233.0.0/16::128.233.252.12::52.1193_-106.6594
United_States::AS23329::AS23329_128.238.0.0/16::128.238.88.64::40.6944_-73.9906
United_States::AS2552::AS2552_128.252.0.0/16::128.252.19.20::38.6657_-90.3231
United_States::AS2552::AS2552_128.252.0.0/16::128.252.19.21::38.6657_-90.3231
United_States::AS2552::AS2552_128.252.0.0/16::128.252.19.22::38.6657_-90.3231
United_States::AS3::AS3_128.31.0.0/16::128.31.1.13::42.3646_-71.1028
United_States::AS8::AS8_128.42.0.0/16::128.42.142.41::29.7176_-95.4188
United_States::AS8::AS8_128.42.0.0/16::128.42.142.42::29.7176_-95.4188
United_States::AS14::AS14_128.59.0.0/16::128.59.20.226::40.8006_-73.9653
United_States::AS14::AS14_128.59.0.0/16::128.59.20.227::40.8006_-73.9653
United_States::AS14::AS14_128.59.0.0/16::128.59.20.228::40.8006_-73.9653
United_States::AS46::AS46_128.6.0.0/16::128.6.192.156::40.5516_-74.4637
United_States::AS27::AS27_128.8.0.0/16::128.8.126.78::38.9827_-77.004
United_States::AS27::AS27_128.8.0.0/16::128.8.126.79::38.9827_-77.004
United_States::AS18::AS18_128.83.0.0/16::128.83.122.161::30.2961_-97.7369
United_States::AS18::AS18_128.83.0.0/16::128.83.122.162::30.2961_-97.7369
United_States::AS18::AS18_128.83.0.0/16::128.83.122.180::30.2961_-97.7369
United_States::AS18::AS18_128.83.0.0/16::128.83.122.181::30.2961_-97.7369
United_States::AS26::AS26_128.84.0.0/16::128.84.154.44::42.4485_-76.4804
United_States::AS26::AS26_128.84.0.0/16::128.84.154.49::42.4485_-76.4804
United_States::AS26::AS26_128.84.0.0/16::128.84.154.71::42.4485_-76.4804
United_States::AS156::AS156_129.10.0.0/16::129.10.120.193::42.3424_-71.0878
United_States::AS156::AS156_129.10.0.0/16::129.10.120.194::42.3424_-71.0878
United_States::AS103::AS103_129.105.0.0/16::129.105.15.37::42.0586_-87.6845
United_States::AS18515::AS18515_129.107.0.0/16::129.107.35.131::32.7714_-97.2915
United_States::AS16461::AS16461_129.108.0.0/16::129.108.202.10::31.7832_-106.4976
United_States::AS20162::AS20162_129.110.0.0/16::129.110.125.51::32.9482_-96.7297
United_States::AS20162::AS20162_129.110.0.0/16::129.110.125.52::32.9482_-96.7297
United_States::AS2701::AS2701_129.130.0.0/16::129.130.252.141::39.1023_-96.5246
United_States::AS3112::AS3112_129.137.0.0/16::129.137.253.253::39.1668_-84.5382
United_States::AS4385::AS4385_129.21.0.0/16::129.21.30.116::43.0899_-77.6376
United_States::AS4385::AS4385_129.21.0.0/16::129.21.30.117::43.0899_-77.6376
United_States::AS2496::AS2496_129.237.0.0/16::129.237.161.193::38.9525_-95.2756
United_States::AS2496::AS2496_129.237.0.0/16::129.237.161.194::38.9525_-95.2756
United_States::AS3388::AS3388_129.24.0.0/16::129.24.211.29::35.0443_-106.6729
Norway::AS224::AS224_129.242.0.0/16::129.242.19.196::69.6667_18.9667
Norway::AS224::AS224_129.242.0.0/16::129.242.19.197::69.6667_18.9667
United_States::AS7212::AS7212_129.59.0.0/16::129.59.88.180::36.1473_-86.777
Germany::AS553::AS553_129.69.0.0/16::129.69.210.96::48.7667_9.1833
Germany::AS553::AS553_129.69.0.0/16::129.69.210.97::48.7667_9.1833
United_States::AS693::AS693_129.74.0.0/16::129.74.74.19::41.7007_-86.2501
United_States::AS693::AS693_129.74.0.0/16::129.74.74.20::41.7007_-86.2501
United_States::AS7896::AS7896_129.93.0.0/16::129.93.229.138::40.8_-96.667
United_States::AS7896::AS7896_129.93.0.0/16::129.93.229.139::40.8_-96.667
Canada::AS12093::AS12093_129.97.0.0/16::129.97.74.12::43.4529_-80.5281
Canada::AS12093::AS12093_129.97.0.0/16::129.97.74.14::43.4529_-80.5281
Italy::AS137::AS137_130.136.0.0/16::130.136.254.21::44.4833_11.3333
Germany::AS680::AS680_130.149.0.0/16::130.149.49.136::52.5167_13.4
Germany::AS680::AS680_130.149.0.0/16::130.149.49.137::52.5167_13.4
Italy::AS137::AS137_130.192.0.0/16::130.192.86.30::45.05_7.6667
Spain::AS766::AS766_130.206.0.0/16::130.206.158.140::42.8141_-1.6412
Sweden::AS1653::AS1653_130.237.0.0/16::130.237.50.124::59.3333_18.05
Germany::AS680::AS680_130.75.0.0/16::130.75.87.83::52.3667_9.7167
Germany::AS8365::AS8365_130.83.0.0/16::130.83.166.198::49.8706_8.6494
Germany::AS8365::AS8365_130.83.0.0/16::130.83.166.199::49.8706_8.6494
Germany::AS8365::AS8365_130.83.0.0/16::130.83.166.200::49.8706_8.6494
Switzerland::AS559::AS559_130.92.0.0/16::130.92.70.252::46.9167_7.4667
Switzerland::AS559::AS559_130.92.0.0/16::130.92.70.253::46.9167_7.4667
Austria::AS760::AS760_131.130.0.0/16::131.130.32.153::48.2_16.3667
Austria::AS760::AS760_131.130.0.0/16::131.130.32.154::48.2_16.3667
Italy::AS137::AS137_131.175.0.0/16::131.175.17.10::42.8333_12.8333
Italy::AS137::AS137_131.175.0.0/16::131.175.17.9::42.8333_12.8333
United_States::AS52::AS52_131.179.0.0/16::131.179.50.70::33.7866_-118.2987
United_States::AS52::AS52_131.179.0.0/16::131.179.50.72::33.7866_-118.2987
United_States::AS31::AS31_131.215.0.0/16::131.215.45.71::33.7866_-118.2987
United_States::AS31::AS31_131.215.0.0/16::131.215.45.72::33.7866_-118.2987
Germany::AS680::AS680_131.246.0.0/16::131.246.19.201::49.45_7.75
Germany::AS680::AS680_131.246.0.0/16::131.246.191.41::49.45_7.75
Germany::AS680::AS680_131.246.0.0/16::131.246.191.42::49.45_7.75
United_States::AS5661::AS5661_131.247.0.0/16::131.247.2.241::28.0631_-82.4128
United_States::AS5661::AS5661_131.247.0.0/16::131.247.2.242::28.0631_-82.4128
United_States::AS5661::AS5661_131.247.0.0/16::131.247.2.245::28.0631_-82.4128
United_States::AS5661::AS5661_131.247.0.0/16::131.247.2.247::28.0631_-82.4128
France::AS1938::AS1938_131.254.0.0/16::131.254.208.10::48.112_-1.6743
France::AS1938::AS1938_131.254.0.0/16::131.254.208.11::48.112_-1.6743
United_States::AS7939::AS7939_132.170.0.0/16::132.170.3.32::28.5663_-81.2608
United_States::AS7939::AS7939_132.170.0.0/16::132.170.3.33::28.5663_-81.2608
United_States::AS7377::AS7377_132.239.0.0/16::132.239.17.225::32.8807_-117.2359
United_States::AS7377::AS7377_132.239.0.0/16::132.239.17.226::32.8807_-117.2359
Israel::AS378::AS378_132.65.0.0/16::132.65.240.100::31.78_35.23
Israel::AS378::AS378_132.65.0.0/16::132.65.240.102::31.78_35.23
Japan::AS4730::AS4730_133.1.0.0/16::133.1.74.162::35.69_139.69
Japan::AS2501::AS2501_133.11.0.0/16::133.11.240.57::35.685_139.7514
United_Kingdom::AS786::AS786_134.151.0.0/16::134.151.255.180::52.4667_-1.9167
United_Kingdom::AS786::AS786_134.151.0.0/16::134.151.255.181::52.4667_-1.9167
Germany::AS553::AS553_134.34.0.0/16::134.34.246.4::47.6667_9.1833
Germany::AS553::AS553_134.34.0.0/16::134.34.246.5::47.6667_9.1833
Germany::AS680::AS680_134.76.0.0/16::134.76.81.91::51.5333_9.9333
Germany::AS680::AS680_134.76.0.0/16::134.76.81.92::51.5333_9.9333
Puerto_Rico::AS5786::AS5786_136.145.0.0/16::136.145.115.194::18.25_-66.5
Puerto_Rico::AS5786::AS5786_136.145.0.0/16::136.145.115.196::18.25_-66.5
Singapore::AS7472::AS7472_137.132.0.0/16::137.132.80.105::1.2931_103.8558
Singapore::AS7472::AS7472_137.132.0.0/16::137.132.80.106::1.2931_103.8558
Singapore::AS7472::AS7472_137.132.0.0/16::137.132.80.110::1.2931_103.8558
United_States::AS11399::AS11399_137.165.0.0/16::137.165.1.111::42.6442_-73.2463
United_States::AS11399::AS11399_137.165.0.0/16::137.165.1.112::42.6442_-73.2463
United_States::AS11399::AS11399_137.165.0.0/16::137.165.1.114::42.6442_-73.2463
United_States::AS11399::AS11399_137.165.0.0/16::137.165.1.115::42.6442_-73.2463
Hong_Kong::AS3661::AS3661_137.189.0.0/16::137.189.90.136::22.2833_114.15
Hong_Kong::AS3661::AS3661_137.189.0.0/16::137.189.97.17::22.25_114.1667
Hong_Kong::AS3661::AS3661_137.189.0.0/16::137.189.98.31::22.25_114.1667
Germany::AS680::AS680_137.226.0.0/16::137.226.138.154::50.7708_6.1053
Germany::AS680::AS680_137.226.0.0/16::137.226.138.156::50.7708_6.1053
United_States::AS22742::AS22742_137.99.0.0/16::137.99.11.86::41.808_-72.251
Spain::AS766::AS766_138.100.0.0/16::138.100.12.148::40.4086_-3.6922
United_States::AS209::AS209_138.15.0.0/16::138.15.10.55::37.3688_-122.0363
United_States::AS209::AS209_138.15.0.0/16::138.15.10.56::37.3688_-122.0363
Austria::AS1110::AS1110_138.232.0.0/16::138.232.66.194::47.2667_11.4
Austria::AS1110::AS1110_138.232.0.0/16::138.232.66.195::47.2667_11.4
United_States::AS22925::AS22925_138.238.0.0/16::138.238.250.155::38.8933_-77.0146
United_States::AS22925::AS22925_138.238.0.0/16::138.238.250.157::38.8933_-77.0146
Germany::AS12816::AS12816_138.246.0.0/16::138.246.99.249::48.15_11.5833
Germany::AS12816::AS12816_138.246.0.0/16::138.246.99.250::48.15_11.5833
United_Kingdom::AS786::AS786_138.251.0.0/16::138.251.214.77::51.5_-0.13
United_Kingdom::AS786::AS786_138.251.0.0/16::138.251.214.78::51.5_-0.13
France::AS776::AS776_138.96.0.0/16::138.96.250.150::43.6413_7.0057
France::AS776::AS776_138.96.0.0/16::138.96.250.151::43.6413_7.0057
Germany::AS680::AS680_139.19.0.0/16::139.19.142.1::49.2333_7.0
Germany::AS680::AS680_139.19.0.0/16::139.19.142.2::49.2333_7.0
Germany::AS680::AS680_139.19.0.0/16::139.19.142.3::49.2333_7.0
Germany::AS680::AS680_139.19.0.0/16::139.19.142.4::49.2333_7.0
Germany::AS680::AS680_139.19.0.0/16::139.19.142.5::49.2333_7.0
Germany::AS680::AS680_139.19.0.0/16::139.19.142.6::49.2333_7.0
Greece::AS8522::AS8522_139.91.0.0/16::139.91.90.238::39.0_22.0
Greece::AS8522::AS8522_139.91.0.0/16::139.91.90.239::39.0_22.0
Taiwan::AS17716::AS17716_140.112.0.0/16::140.112.107.80::25.0392_121.525
Taiwan::AS17716::AS17716_140.112.0.0/16::140.112.42.158::25.0392_121.525
Taiwan::AS17716::AS17716_140.112.0.0/16::140.112.42.159::25.0392_121.525
Taiwan::AS18047::AS18047_140.114.0.0/16::140.114.79.231::25.0392_121.525
Taiwan::AS1659::AS1659_140.119.0.0/16::140.119.164.84::25.0392_121.525
Taiwan::AS1659::AS1659_140.119.0.0/16::140.119.164.85::25.0392_121.525
United_States::AS20130::AS20130_140.192.0.0/16::140.192.249.204::41.8776_-87.6272
United_States::AS19262::AS19262_141.149.0.0/16::141.149.218.208::43.0481_-76.1474
United_States::AS19262::AS19262_141.149.0.0/16::141.149.218.209::43.0481_-76.1474
United_States::AS11318::AS11318_141.161.0.0/16::141.161.20.32::38.8933_-77.0146
United_States::AS11318::AS11318_141.161.0.0/16::141.161.20.33::38.8933_-77.0146
Germany::AS680::AS680_141.20.0.0/16::141.20.103.210::52.5167_13.4
Germany::AS680::AS680_141.20.0.0/16::141.20.103.211::52.5167_13.4
United_States::AS36375::AS36375_141.212.0.0/16::141.212.113.178::42.2923_-83.7145
United_States::AS36375::AS36375_141.212.0.0/16::141.212.113.179::42.2923_-83.7145
United_States::AS36375::AS36375_141.213.0.0/16::141.213.4.201::42.2923_-83.7145
United_States::AS237::AS237_141.219.0.0/16::141.219.252.132::47.1544_-88.6471
United_States::AS237::AS237_141.219.0.0/16::141.219.252.133::47.1544_-88.6471
Germany::AS680::AS680_141.22.0.0/16::141.22.213.34::53.55_10.0
Germany::AS680::AS680_141.24.0.0/16::141.24.249.130::50.6833_10.9
Germany::AS680::AS680_141.76.0.0/16::141.76.45.17::51.05_13.75
Germany::AS680::AS680_141.76.0.0/16::141.76.45.18::51.05_13.75
Canada::AS16462::AS16462_142.104.0.0/16::142.104.21.241::48.4202_-123.3671
Canada::AS239::AS239_142.150.0.0/16::142.150.238.12::43.6619_-79.3952
Canada::AS239::AS239_142.150.0.0/16::142.150.238.13::43.6619_-79.3952
Canada::AS239::AS239_142.150.0.0/16::142.150.3.78::43.6619_-79.3952
Austria::AS1111::AS1111_143.205.0.0/16::143.205.172.11::46.6247_14.3053
Austria::AS1111::AS1111_143.205.0.0/16::143.205.172.12::46.6247_14.3053
Republic_of_Korea::AS1781::AS1781_143.248.0.0/16::143.248.139.55::37.57_126.98
United_States::AS217::AS217_146.57.0.0/16::146.57.249.98::44.9733_-93.2323
Greece::AS3323::AS3323_147.102.0.0/16::147.102.224.227::37.9833_23.7333
Greece::AS3323::AS3323_147.102.0.0/16::147.102.224.228::37.9833_23.7333
Czech_Republic::AS2852::AS2852_147.229.0.0/16::147.229.10.250::49.2_16.6333
Spain::AS13041::AS13041_147.83.0.0/16::147.83.30.166::41.3984_2.1741
Spain::AS13041::AS13041_147.83.0.0/16::147.83.30.167::41.3984_2.1741
United_States::AS2900::AS2900_149.169.0.0/16::149.169.227.131::33.4148_-111.9093
Greece::AS5408::AS5408_150.140.0.0/16::150.140.140.91::38.2444_21.7344
Greece::AS5408::AS5408_150.140.0.0/16::150.140.140.93::38.2444_21.7344
Poland::AS9112::AS9112_150.254.0.0/16::150.254.212.147::52.4167_16.9667
Poland::AS9112::AS9112_150.254.0.0/16::150.254.212.148::52.4167_16.9667
Japan::AS17932::AS17932_150.65.0.0/16::150.65.32.66::35.69_139.69
Japan::AS17932::AS17932_150.65.0.0/16::150.65.32.68::35.69_139.69
United_States::AS13371::AS13371_152.3.0.0/16::152.3.138.4::35.9954_-78.9019
United_States::AS13371::AS13371_152.3.0.0/16::152.3.138.5::35.9954_-78.9019
France::AS2200::AS2200_152.81.0.0/16::152.81.47.4::48.6921_6.1878
France::AS2200::AS2200_152.81.0.0/16::152.81.47.5::48.6921_6.1878
United_States::AS16889::AS16889_155.246.0.0/16::155.246.12.163::40.7458_-74.0321
United_States::AS16889::AS16889_155.246.0.0/16::155.246.12.164::40.7458_-74.0321
Poland::AS8970::AS8970_156.17.0.0/16::156.17.10.51::51.1_17.0333
Poland::AS8970::AS8970_156.17.0.0/16::156.17.10.52::51.1_17.0333
United_States::AS87::AS87_156.56.0.0/16::156.56.250.226::38.862_-86.4711
United_States::AS87::AS87_156.56.0.0/16::156.56.250.227::38.862_-86.4711
Hungary::AS2012::AS2012_157.181.0.0/16::157.181.175.249::47.5_19.0833
United_States::AS55::AS55_158.130.0.0/16::158.130.6.253::39.9597_-75.1968
United_States::AS3450::AS3450_160.36.0.0/16::160.36.57.173::35.9043_-83.8407
Spain::AS766::AS766_163.117.0.0/16::163.117.253.4::40.4086_-3.6922
Japan::AS2500::AS2500_163.221.0.0/16::163.221.11.71::34.6853_135.8328
Japan::AS2500::AS2500_163.221.0.0/16::163.221.11.72::34.6853_135.8328
Japan::AS2500::AS2500_163.221.0.0/16::163.221.11.73::34.6853_135.8328
Japan::AS2500::AS2500_163.221.0.0/16::163.221.11.74::34.6853_135.8328
Uruguay::AS1797::AS1797_164.73.0.0/16::164.73.47.242::-34.8581_-56.1708
Uruguay::AS1797::AS1797_164.73.0.0/16::164.73.47.244::-34.8581_-56.1708
United_States::AS46::AS46_165.230.0.0/16::165.230.49.114::40.5032_-74.4289
United_States::AS46::AS46_165.230.0.0/16::165.230.49.115::40.5032_-74.4289
United_States::AS25::AS25_169.229.0.0/16::169.229.50.13::37.8668_-122.2536
United_States::AS25::AS25_169.229.0.0/16::169.229.50.14::37.8668_-122.2536
United_States::AS25::AS25_169.229.0.0/16::169.229.50.16::37.8668_-122.2536
United_States::AS25::AS25_169.229.0.0/16::169.229.50.5::37.8668_-122.2536
United_States::AS25::AS25_169.229.0.0/16::169.229.50.7::37.8668_-122.2536
United_States::AS25::AS25_169.229.0.0/16::169.229.50.9::37.8668_-122.2536
United_States::AS6106::AS6106_169.235.0.0/16::169.235.24.232::33.7529_-116.0556
United_States::AS6192::AS6192_169.237.0.0/16::169.237.79.210::38.4829_-121.6398
United_States::AS6192::AS6192_169.237.0.0/16::169.237.79.211::38.4829_-121.6398
United_States::AS3512::AS3512_170.140.0.0/16::170.140.119.69::33.7952_-84.3248
United_States::AS3512::AS3512_170.140.0.0/16::170.140.119.70::33.7952_-84.3248
United_States::AS32::AS32_171.66.0.0/16::171.66.3.182::37.4178_-122.172
United_States::AS264::AS264_192.12.33.0/24::192.12.33.100::38.0_-97.0
United_States::AS264::AS264_192.12.33.0/24::192.12.33.102::38.0_-97.0
Canada::AS15318::AS15318_192.197.121.0/24::192.197.121.2::45.5078_-73.5804
Germany::AS680::AS680_192.26.179.0/24::192.26.179.68::51.7167_8.7667
Germany::AS680::AS680_192.26.179.0/24::192.26.179.69::51.7167_8.7667
Switzerland::AS559::AS559_192.33.90.0/24::192.33.90.196::47.3667_8.55
Switzerland::AS559::AS559_192.33.90.0/24::192.33.90.66::47.3667_8.55
Switzerland::AS559::AS559_192.33.90.0/24::192.33.90.67::47.3667_8.55
Switzerland::AS559::AS559_192.33.90.0/24::192.33.90.68::47.3667_8.55
Switzerland::AS559::AS559_192.33.90.0/24::192.33.90.69::47.3667_8.55
Switzerland::AS559::AS559_192.41.135.0/24::192.41.135.219::47.3667_8.55
Switzerland::AS559::AS559_192.42.43.0/24::192.42.43.22::46.9931_6.93
United_States::AS29825::AS29825_192.42.83.0/24::192.42.83.250::41.8471_-87.6248
United_States::AS29825::AS29825_192.42.83.0/24::192.42.83.253::41.8471_-87.6248
United_States::AS786::AS786_192.6.10.0/24::192.6.10.50::51.45_-2.5833
United_States::AS71::AS71_192.6.26.0/24::192.6.26.31::37.3762_-122.1826
United_States::AS71::AS71_192.6.26.0/24::192.6.26.32::37.3762_-122.1826
United_States::AS71::AS71_192.6.26.0/24::192.6.26.33::37.3762_-122.1826
Ireland::AS1213::AS1213_193.1.170.0/24::193.1.170.135::53.3331_-6.2489
Ireland::AS1213::AS1213_193.1.170.0/24::193.1.170.136::53.3331_-6.2489
Portugal::AS1930::AS1930_193.136.166.0/24::193.136.166.54::38.7167_-9.1333
Portugal::AS1930::AS1930_193.136.166.0/24::193.136.166.56::38.7167_-9.1333
Portugal::AS1930::AS1930_193.136.191.0/24::193.136.191.25::39.5_-8.0
Spain::AS766::AS766_193.144.21.0/24::193.144.21.130::41.1167_1.25
Norway::AS224::AS224_193.157.115.0/24::193.157.115.250::59.9167_10.75
Norway::AS224::AS224_193.157.115.0/24::193.157.115.251::59.9167_10.75
Finland::AS1741::AS1741_193.167.187.0/24::193.167.187.185::60.1756_24.9342
Finland::AS1741::AS1741_193.167.187.0/24::193.167.187.186::60.1756_24.9342
Finland::AS1741::AS1741_193.167.187.0/24::193.167.187.188::60.1756_24.9342
Germany::AS680::AS680_193.174.155.0/24::193.174.155.27::52.5167_13.4
Germany::AS680::AS680_193.174.67.0/24::193.174.67.186::52.5167_13.4
Germany::AS680::AS680_193.174.67.0/24::193.174.67.187::52.5167_13.4
Germany::AS553::AS553_193.196.39.0/24::193.196.39.9::49.0047_8.3858
France::AS2200::AS2200_193.54.192.0/24::193.54.192.42::48.112_-1.6743
France::AS2200::AS2200_193.55.112.0/24::193.55.112.40::48.86_2.35
France::AS2200::AS2200_193.55.112.0/24::193.55.112.41::48.86_2.35
Hungary::AS1955::AS1955_193.6.20.0/24::193.6.20.5::47.5_19.0833
United_Kingdom::AS786::AS786_193.63.58.0/24::193.63.58.70::51.5_-0.13
Poland::AS12464::AS12464_194.29.178.0/24::194.29.178.13::52.0_20.0
Poland::AS12464::AS12464_194.29.178.0/24::194.29.178.14::52.0_20.0
United_Kingdom::AS786::AS786_194.36.10.0/24::194.36.10.154::51.5142_-0.0931
United_Kingdom::AS786::AS786_194.36.10.0/24::194.36.10.156::51.5142_-0.0931
Cyprus::AS3268::AS3268_194.42.17.0/24::194.42.17.123::35.1667_33.3667
Cyprus::AS3268::AS3268_194.42.17.0/24::194.42.17.124::35.1667_33.3667
Czech_Republic::AS2852::AS2852_195.113.161.0/24::195.113.161.82::49.75_15.5
Czech_Republic::AS2852::AS2852_195.113.161.0/24::195.113.161.83::49.75_15.5
Poland::AS5617::AS5617_195.116.53.0/24::195.116.53.22::52.5931_19.0894
Poland::AS5617::AS5617_195.116.53.0/24::195.116.53.23::52.5931_19.0894
Poland::AS5617::AS5617_195.116.53.0/24::195.116.53.25::52.5931_19.0894
Poland::AS5617::AS5617_195.116.60.0/24::195.116.60.212::52.5931_19.0894
Poland::AS5617::AS5617_195.116.60.0/24::195.116.60.67::52.5931_19.0894
Poland::AS5617::AS5617_195.116.60.0/24::195.116.60.97::52.5931_19.0894
Germany::AS680::AS680_195.37.16.0/24::195.37.16.101::49.015_12.0956
Germany::AS680::AS680_195.37.16.0/24::195.37.16.97::49.015_12.0956
United_States::AS292::AS292_198.128.56.0/24::198.128.56.11::37.8668_-122.2536
United_States::AS292::AS292_198.128.56.0/24::198.128.56.12::37.8668_-122.2536
United_States::AS59::AS59_198.133.224.0/24::198.133.224.145::43.0761_-89.4104
United_States::AS59::AS59_198.133.224.0/24::198.133.224.146::43.0761_-89.4104
United_States::AS59::AS59_198.133.224.0/24::198.133.224.147::43.0761_-89.4104
Canada::AS10965::AS10965_198.163.152.0/24::198.163.152.229::49.8833_-97.1667
Canada::AS10965::AS10965_198.163.152.0/24::198.163.152.230::49.8833_-97.1667
United_States::AS4983::AS4983_198.175.112.0/24::198.175.112.107::38.6071_-121.4633
United_States::AS4983::AS4983_198.175.112.0/24::198.175.112.108::38.6071_-121.4633
United_States::AS14325::AS14325_198.7.242.0/24::198.7.242.42::41.824_-71.4128
Brazil::AS1916::AS1916_200.133.215.0/24::200.133.215.141::-23.4733_-46.6658
Brazil::AS10881::AS10881_200.17.202.0/24::200.17.202.194::-25.4167_-49.25
Brazil::AS1916::AS1916_200.19.159.0/24::200.19.159.34::-10.0_-55.0
Brazil::AS1916::AS1916_200.19.159.0/24::200.19.159.35::-10.0_-55.0
Japan::AS7660::AS7660_202.249.37.0/24::202.249.37.67::35.69_139.69
Japan::AS7660::AS7660_202.249.37.0/24::202.249.37.69::35.69_139.69
China::AS4538::AS4538_202.38.99.0/24::202.38.99.68::35.0_105.0
Japan::AS2500::AS2500_203.178.133.0/24::203.178.133.10::35.69_139.69
Japan::AS2500::AS2500_203.178.133.0/24::203.178.133.2::35.69_139.69
Japan::AS2500::AS2500_203.178.133.0/24::203.178.133.3::35.69_139.69
Japan::AS2500::AS2500_203.178.143.0/24::203.178.143.10::35.6345_139.5588
Japan::AS2500::AS2500_203.178.143.0/24::203.178.143.28::35.6345_139.5588
United_States::AS33::AS33_204.123.28.0/24::204.123.28.55::37.4419_-122.143
United_States::AS33::AS33_204.123.28.0/24::204.123.28.56::37.4419_-122.143
United_States::AS33::AS33_204.123.28.0/24::204.123.28.57::37.4419_-122.143
United_States::AS6431::AS6431_204.178.4.0/24::204.178.4.164::40.6973_-74.4052
United_States::AS3390::AS3390_204.56.0.0/24::204.56.0.137::39.0344_-94.5722
United_States::AS3390::AS3390_204.56.0.0/24::204.56.0.138::39.0344_-94.5722
United_States::AS111::AS111_204.8.155.0/24::204.8.155.226::42.3451_-71.0993
United_States::AS111::AS111_204.8.155.0/24::204.8.155.227::42.3451_-71.0993
Canada::AS32157::AS32157_205.211.183.0/24::205.211.183.2::43.8973_-78.8641
United_States::AS4::AS4_206.117.37.0/24::206.117.37.4::34.0522_-118.2437
United_States::AS4::AS4_206.117.37.0/24::206.117.37.5::34.0522_-118.2437
United_States::AS4::AS4_206.117.37.0/24::206.117.37.7::34.0522_-118.2437
United_States::AS4::AS4_206.117.37.0/24::206.117.37.9::34.0522_-118.2437
United_States::AS36859::AS36859_208.117.131.0/24::208.117.131.115::29.834_-95.4342
United_States::AS36859::AS36859_208.117.131.0/24::208.117.131.116::29.834_-95.4342
United_States::AS46357::AS46357_208.94.63.0/24::208.94.63.193::35.3471_-120.4553
United_States::AS46357::AS46357_208.94.63.0/24::208.94.63.194::35.3471_-120.4553
Republic_of_Korea::AS18176::AS18176_210.123.39.0/24::210.123.39.102::37.57_126.98
Republic_of_Korea::AS18176::AS18176_210.123.39.0/24::210.123.39.103::37.57_126.98
Republic_of_Korea::AS18176::AS18176_210.123.39.0/24::210.123.39.168::37.57_126.98
Germany::AS680::AS680_212.201.44.0/24::212.201.44.81::53.0833_8.8
Germany::AS680::AS680_212.201.44.0/24::212.201.44.82::53.0833_8.8
Slovenia::AS2107::AS2107_212.235.189.0/24::212.235.189.114::46.0553_14.5144
Russian_Federation::AS12925::AS12925_213.131.1.0/24::213.131.1.101::60.0_100.0
United_States::AS2497::AS2497_216.98.102.0/24::216.98.102.29::37.3394_-121.895
United_States::AS2497::AS2497_216.98.102.0/24::216.98.102.30::37.3394_-121.895
United_States::AS237::AS237_35.0.0.0/8::35.9.27.26::42.7283_-84.4882
United_States::AS237::AS237_35.0.0.0/8::35.9.27.27::42.7283_-84.4882
United_States::AS7132::AS7132_64.0.0.0/8::64.161.10.2::32.9722_-96.7376
United_States::AS7132::AS7132_64.0.0.0/8::64.161.10.3::32.9722_-96.7376
United_States::AS38::AS38_72.0.0.0/8::72.36.112.74::40.1095_-88.2123
